keyword,title,instructions
AI automation for small businesses,How AI is Revolutionizing Small Business Operations,Focus on practical examples and ROI
machine learning trends 2025,,Include industry statistics
data analytics best practices,Top 10 Data Analytics Practices for Growth,Target enterprise audience
cloud computing security,,"Focus on compliance and GDPR"
digital transformation strategies,The Complete Guide to Digital Transformation,Make it actionable with steps
remote work productivity tools,,Compare at least 5 tools
customer experience automation,How to Automate Customer Experience Without Losing the Human Touch,Include case studies
predictive analytics in marketing,,Focus on B2B marketing
API integration best practices,A Developer's Guide to API Integration,Technical audience - include code examples
sustainable technology solutions,,Focus on green IT initiatives
